id,name,platforms,location,country,description,price_min,price_max,rating,review_count,featured,website,email,source,source_ref,verified,verification_method,verified_at
16000032,Agent.ai | The #1 Professional Network for AI Agents,"automation,ai",,Australia,"Where professionals build, find, and use AI agents that get real work done.",0,0,0,0,false,https://agent.ai,agents@mail.agent.ai,public_api,https://agent.ai/,false,api_match,
13000021,AI agency UK | Artificial intelligence agency London,"automation,ai",,United Kingdom,AI agency UK ğŸ¤– We provide advanced artificial intelligence solutions for businesses. ğŸ¤– Explore our AI agency London services and optimize your business with AI.,0,0,0,0,false,https://automee.digital,info@automee.digital,public_api,https://automee.digital/,false,api_match,
13000019,AI Automation Agency,"automation,ai,custom",,United Kingdom,"AI Automation Agency specializes in AI-powered solutions for health and wellness startups and small to medium businesses . We offer custom automation, lead generation, and efficiency optimization to streamline processes, increase qualified leads, ...",0,0,0,0,false,https://aiautomation.agency,hello@aiautomation.agency,public_api,https://aiautomation.agency,false,api_match,
16000031,AI Automation Agency UK - AI Automation Services | Pod Digital,"automation,ai",,United Kingdom,POD Digital is a UK AI automation agency that streamlines workflows and speeds up delivery. Transform your operations today.,0,0,0,0,false,https://poddigital.co.uk/ai-automation-agency,,public_api,https://www.poddigital.co.uk/ai-automation-agency/,false,api_match,
13000018,AI Automation Agency UK for SMEs | Voice AI & n8n Experts,"n8n,automation,ai",,United Kingdom,"Expert AI Automation Agency UK specializing in voice AI agents, n8n workflows &amp; business automation for SMEs. Transform your operations. Book Free consultation",0,0,0,0,false,https://aiagencyplus.com,hello@aiagencyplus.com,public_api,https://aiagencyplus.com/,false,api_match,
6000010,AI Workflow Automation Platform & Tools - n8n,"n8n,automation,ai",,United States,"n8n is a workflow automation platform that uniquely combines AI capabilities with business process automation, giving technical teams the flexibility of code with the speed of no-code.",0,0,0,0,false,https://n8n.io,f75b6df242301a9f6d95d63e184216c9@o1420875.ingest.us.sentry.io,public_api,https://n8n.io/,false,api_match,
13000024,APACs Most Experienced Zapier Expert and DIgital Automation Consultant - That Automation Agency,"zapier,automation",,India,That Automation Agency supercharges your business as a certified Zapier expert consultant. Automate your workflows and save valuable time and resources.,0,0,0,0,false,https://thatautomationagency.com/zapier-digital-automation-consulting,team@thatautomationagency.com,public_api,https://thatautomationagency.com/zapier-digital-automation-consulting/,false,api_match,
13000020,Certified Zapier Consultants & Zapier Expert Partner,"zapier,automation",,India,Searching for Zapier Consultants? Flow Digital automates your workflows with our Zapier expert solutions. Simplify your systems. Book a consult with us today!,0,0,0,0,false,https://flow.digital/zapier-consultant,hello@flow.digital,public_api,https://flow.digital/zapier-consultant,false,api_match,
1,Drivenstack Wyoming,"zapier,make,n8n,custom,ai",Wyoming,United States,Manual onboarding request from /join. Please update profile details.,0,0,0,0,false,https://drivenstack.com,tech@drivenstack.com,verified_manual,tech@drivenstack.com,true,manual_review,2026-02-24T15:51:49.352Z
16000027,Instantly Certified Experts,"automation,ai",,Australia,"We monitor LinkedIn, Google, Upwork, Reddit, and other platforms for buying signals (job posts, discussions, mentions).",0,0,0,0,false,https://instantly.ai/experts,,public_api,https://instantly.ai/experts,false,api_match,
1000002,Make.com Automation Services | Scraping Agency,"make,automation,custom",,United States,"Expert Make.com automation services to streamline your workflows. Custom scenario development, system integration, and managed services.",0,0,0,0,false,https://scrapingagency.com/make-automation,alex@company.com,public_api,//duckduckgo.com/l/?uddg=https%3A%2F%2Fscrapingagency.com%2Fmake%2Dautomation&amp;rut=ca27f5fba3abbe021f4da75dab2419922e8c872ad3735ceab0f432c3360e4a09,false,api_match,
6000015,n8n - ë‚˜ë¬´ìœ„í‚¤,"n8n,automation",,United States,"1. ê°œìš” [í¸ì§‘] Automate without limits. The node-based workflow automation tool for technical people. Nodemation n8n (ì½ê¸°: ì—”ì—ì‡ì—” [1], ì†Œìœ„ ì—”íŒ”ì—”)ì€ ë…ì¼ ë² ë¥¼ë¦° ì— ë³¸ì‚¬ë¥¼ ë‘” n8n GmbHì—ì„œ 2019ë…„ì— ì²˜ìŒ ê³µê°œí•œ ì›Œí¬í”Œë¡œìš° ìë™í™” íˆ´ì´ë‹¤.",0,0,0,0,false,https://namu.wiki/w/n8n,support@namu.wiki,public_api,https://namu.wiki/w/n8n,false,api_match,
6000014,"n8n ì‚¬ìš©ë²• ì´ì •ë¦¬ :ì„¤ëª…, github, ê°€ì´ë“œ, ì„¤ì¹˜ ê¹Œì§€",n8n,,United States,"n8n ì„¤ëª… â€• ì˜¤í”ˆì†ŒìŠ¤ ì›Œí¬í”Œë¡œìš° ìë™í™” í”Œë«í¼ n8n ì„¤ëª…ì„ ì‹œì‘í•˜ê¸° ì „ì— ì™œ n8nì´ ì£¼ëª©ë°›ëŠ”ì§€ ì‚´í´ë³´ì. n8nì€ ""Node for Node""ì˜ ì¤„ì„ë§ë¡œ, ë…¸ë“œ ë‹¨ìœ„ë¡œ ë¸”ë¡ì„ ìŒ“ë“¯ ìë™í™”ë¥¼ ì„¤ê³„í•  ìˆ˜ ìˆê²Œ í•´ì¤€ë‹¤.",0,0,0,0,false,https://yodastudy.tistory.com/118,support@mycompany.com,public_api,https://yodastudy.tistory.com/118,false,api_match,
6000012,n8n ì™„ë²½ê°€ì´ë“œ | ì´ˆë³´ìë„ 1ì‹œê°„ ë§Œì— ì—…ë¬´ ìë™í™” ì‹œì‘í•˜ê¸°,n8n,,United States,"n8nì€ ì˜¤í”ˆì†ŒìŠ¤ ê¸°ë°˜ì˜ ìë™í™” í”Œë«í¼ìœ¼ë¡œ, ë³µì¡í•œ ì½”ë”© ì—†ì´ ë‹¤ì–‘í•œ ì• í”Œë¦¬ì¼€ì´ì…˜ê³¼ ì„œë¹„ìŠ¤ë¥¼ ì—°ë™í•˜ì—¬ ì—…ë¬´ ìë™í™”ë¥¼ êµ¬í˜„í•  ìˆ˜ ìˆìŠµë‹ˆë‹¤. n8n ì‚¬ìš©ë²•ì„ ìµíˆë©´ ë¹„ì¦ˆë‹ˆìŠ¤ í”„ë¡œì„¸ìŠ¤ë¥¼ ì†ì‰½ê²Œ ìë™í™”í•˜ì—¬ ìƒì‚°ì„±ì„ ë†’ì¼ ìˆ˜ ìˆìœ¼ë©°, ì§ê´€ì ì¸ ì¸í„°í˜ì´ìŠ¤ì™€ ìœ ì—°í•œ ...",0,0,0,0,false,https://magicaiprompts.com/docs/automation/n8n-usage-guide,prompthackerdanny@gmail.com,public_api,https://www.magicaiprompts.com/docs/automation/n8n-usage-guide/,false,api_match,
16000025,Site Automation | LinkedIn,"automation,custom",,Australia,"Site Automation | 176 followers on LinkedIn. Site Automation is an industrial automation, process control and electrical engineering consulting company. | We at Site Automation comprise a diverse and talented team of Engineers who not only are ...",0,0,0,0,false,https://au.linkedin.com/company/site-automation,,public_api,https://au.linkedin.com/company/site-automation,false,api_match,
1000003,Solution Partner Directory - Zapier,"zapier,automation",,United States,"Hire a Zapier Solution Partner today. Zapier Solution Partners are authorized consultants, freelancers and agencies that can help you do more with automation.",0,0,0,0,false,https://zapier.com/partnerdirectory,bob@companyemail.com,public_api,//duckduckgo.com/l/?uddg=https%3A%2F%2Fzapier.com%2Fpartnerdirectory&amp;rut=6bea875db1cefd8fa50fcf94b3e81b4f4a190f0d0fee5521b0dceb969acf3434,false,api_match,
13000022,The Ai Automation Agency,"automation,ai",,United Kingdom,"Money back guarantee* Â· At The AI Automation Agency we tell you exactly what to do, what systems to use, and why they work. Then, we help you put it all in place",0,0,0,0,false,https://theaiautomationagency.ai,sales@theaiautomationagency.ai,public_api,https://theaiautomationagency.ai/,false,api_match,
1000008,The Top Zapier Agencies to Help You Automate Your Business,"zapier,automation",,United States,Zapier automation agency,0,0,0,0,false,https://shno.co/no-code-agencies/zapier,shankar@shno.co,public_api,//duckduckgo.com/l/?uddg=https%3A%2F%2Fwww.shno.co%2Fno%2Dcode%2Dagencies%2Fzapier&amp;rut=66d63c539690516edebf26a1c8aa2b2920221b03c814da0b8f81736f4d31c2fd,false,api_match,
1000005,The Zapier Agency That Helps You Automate Smarter,"zapier,automation",,United States,"Is your team spending too much time on repetitive tasks? Do client management, reporting, or onboarding workflows slow your team down? At The Automated Agency, we specialize in Zapier automation to streamline your business operationsâ€”so you can focus on what truly matters. Why Work With a Zapier Agency? Zapier is one of the most powerful [&hellip;]",0,0,0,0,false,https://theautomated.agency/the-zapier-agency-that-helps-you-automate-smarter,hello@theautomated.agency,public_api,//duckduckgo.com/l/?uddg=https%3A%2F%2Ftheautomated.agency%2Fthe%2Dzapier%2Dagency%2Dthat%2Dhelps%2Dyou%2Dautomate%2Dsmarter%2F&amp;rut=8339d47bcd01f8b289a3f054cfa7b88e22e83361d05b9c59fcb3a79b6ff80d6b,false,api_match,
1000004,Top Zapier Development Agencies And Automation Experts,"zapier,automation",,United States,Struggling to find expert Zavier developers to hire? Look no further!This list of the best Zapier development agencies will help you find the perfect partner.,0,0,0,0,false,https://reverbico.com/blog/top-zapier-development-agencies-and-automation-experts,david@reverbico.com,public_api,//duckduckgo.com/l/?uddg=https%3A%2F%2Freverbico.com%2Fblog%2Ftop%2Dzapier%2Ddevelopment%2Dagencies%2Dand%2Dautomation%2Dexperts%2F&amp;rut=c9d42204826ab31ab733c97a0f4557530001513d7d8fdf91e1d0b6fe4a554ce7,false,api_match,
16000026,Upwork Alternatives in 2026: Where to Hire the Right Agency for Your Business,"automation,ai",,Australia,"Whether you need a one-off project or ongoing support, Fiverr offers a wide range of agencies and professionals ready to take on your business challenges. Clutch is among the other sites alternative to Upwork to find an agency.",0,0,0,0,false,https://digitalagencynetwork.com/top-upwork-alternatives-to-hire-your-dream-agency,,public_api,https://digitalagencynetwork.com/top-upwork-alternatives-to-hire-your-dream-agency/,false,api_match,
13000023,What Is An AI Automation Agency? | F2B Digital,"automation,ai",,United Kingdom,"Discover how AI automation agencies transform businesses by streamlining processes, cutting costs, and boosting productivity. Learn about key benefits, technologies, and how to choose the right agency to drive innovation and efficiency.",0,0,0,0,false,https://f2b.co.uk/what-is-an-ai-automation-agency,solutions@f2b.co.uk,public_api,https://www.f2b.co.uk/what-is-an-ai-automation-agency/,false,api_match,
9000017,YouTube å‹•ç”»ã‚’ã‚¢ãƒƒãƒ—ãƒ­ãƒ¼ãƒ‰ã™ã‚‹ - Android - YouTube ãƒ˜ãƒ«ãƒ—,"zapier,automation",,United States,YouTube ã«å‹•ç”»ã‚’ã‚¢ãƒƒãƒ—ãƒ­ãƒ¼ãƒ‰ã™ã‚‹æ‰‹é †ã¯ç°¡å˜ã§ã™ã€‚ãƒ‘ã‚½ã‚³ãƒ³ã‚„ãƒ¢ãƒã‚¤ãƒ« ãƒ‡ãƒã‚¤ã‚¹ã‹ã‚‰å‹•ç”»ã‚’ã‚¢ãƒƒãƒ—ãƒ­ãƒ¼ãƒ‰ã™ã‚‹æ‰‹é †ã¯æ¬¡ã®ã¨ãŠã‚Šã§ã™ã€‚ æ³¨: YouTube ã®ä¿è­·è€…å‘ã‘ç®¡ç†æ©Ÿèƒ½ãŒè¨­å®šã•ã‚Œã¦ã„ã‚‹å ´åˆã¯ã‚¢ãƒƒãƒ—ãƒ­ãƒ¼ãƒ‰ã§ããªã„ã“ã¨ãŒã‚ã‚Šã¾ã™ã€‚,0,0,0,0,false,https://support.google.com/youtube/answer/57407,robert@broofa.com,public_api,https://support.google.com/youtube/answer/57407?hl=ja&co=GENIE.Platform%3DAndroid,false,api_match,
16000030,Zapier | LinkedIn,"zapier,make,automation",,United States,"| Automation that moves everyone forward. Zapier is on a mission to make automation work for everyone . With Zapier, you can integrate apps like Salesforce, Intuit, Google, and Dropbox, to move data between ...",0,0,0,0,false,https://linkedin.com/company/zapier,,public_api,https://www.linkedin.com/company/zapier,false,api_match,
1000007,Zapier Automation Agency | 13+ Years Experience in Zapier,"zapier,automation",,United States,"Hire Expert Zapier Automation Agency. 13+ years experience, 1000+ automations built. Simple pricing ,pay only after perfect delivery.",0,0,0,0,false,https://zapierautomationagency.com,ratulbinhasan2011@gmail.com,public_api,//duckduckgo.com/l/?uddg=https%3A%2F%2Fzapierautomationagency.com%2F&amp;rut=f21302188ac27a584e73ecbaafb81b3e078580bcc7ba8de41d8acd26494a58f1,false,api_match,
16000029,Zapier Consultants â€“ Certified | flowmondo,"zapier,automation",,India,"Our certified Zapier experts deliver consulting, implementation &amp; support. Boost your zaps with proven Zapier services today.",0,0,0,0,false,https://flowmondo.com/zapier-experts,,public_api,https://www.flowmondo.com/zapier-experts,false,api_match,
16000028,Zapier Consulting Firm | Get Expert Help,"zapier,automation,custom",,India,"Our Zapier consultants have automated thousands of processes. We fix broken zaps, custom code, do complex integrations and build advanced workflows",0,0,0,0,false,https://axeautomation.co/zapier-consulting,,public_api,https://www.axeautomation.co/zapier-consulting,false,api_match,
1000006,Zapier Consulting Services | No-Code Automation Platform Consultant,"zapier,automation",,United States,Zapier consultants at ProsperSpark specialize in high-performance automation. We are expert no-code automation platform consultants.,0,0,0,0,false,https://prosperspark.com/zapier-automation,logo-mark-colour@2x.png,public_api,//duckduckgo.com/l/?uddg=https%3A%2F%2Fwww.prosperspark.com%2Fzapier%2Dautomation%2F&amp;rut=a19f0001ec5b989558ddf2bb42ad66c7769688e2d957b510322b0a82f90eec0f,false,api_match,
6000016,ì¸ê³µì§€ëŠ¥ (AI)ì´ë€ ë¬´ì—‡ì¸ê°€ìš”? - IBM,"automation,ai",,United Kingdom,"ì¸ê³µ ì§€ëŠ¥ (AI)ì€ ì»´í“¨í„°ì™€ ê¸°ê³„ê°€ ì¸ê°„ì˜ í•™ìŠµ, ì´í•´, ë¬¸ì œ í•´ê²°, ì˜ì‚¬ ê²°ì •, ì°½ì˜ì„± ë° ììœ¨ì„±ì„ ì‹œë®¬ë ˆì´ì…˜í•  ìˆ˜ ìˆë„ë¡ í•˜ëŠ” ê¸°ìˆ ì…ë‹ˆë‹¤.",0,0,0,0,false,https://ibm.com/kr-ko/think/topics/artificial-intelligence,xxx@ccc.com,public_api,https://www.ibm.com/kr-ko/think/topics/artificial-intelligence,false,api_match,
6000011,ì¸ê³µì§€ëŠ¥(AI)ì´ë€ ë¬´ì—‡ì¸ê°€ìš”? | Google Cloud,"automation,ai",,United Kingdom,"AIëŠ” ì‚¬ëŒê³¼ ì‚¬íšŒ, ê·¸ë¦¬ê³  ì„¸ìƒì— ì˜ë¯¸ ìˆê³  ê¸ì •ì ì¸ ë³€í™”ë¥¼ ê°€ì ¸ì˜¬ ìˆ˜ ìˆëŠ” í˜ì‹ ì ì¸ ê¸°ìˆ ì…ë‹ˆë‹¤. AIëŠ” ì»´í“¨í„° ê³µí•™, ë°ì´í„° ë¶„ì„ ë° í†µê³„, í•˜ë“œì›¨ì–´ ë° ì†Œí”„íŠ¸ì›¨ì–´ ì—”ì§€ë‹ˆì–´ë§, ì–¸ì–´í•™, ì‹ ê²½ ê³¼í•™ì€ ë¬¼ë¡  ì² í•™ê³¼ ì‹¬ë¦¬í•™ ë“± ë‹¤ì–‘í•œ í•™ë¬¸ì„ í¬ê´„í•©ë‹ˆë‹¤.",0,0,0,0,false,https://cloud.google.com/learn/what-is-artificial-intelligence,marketing-studio-cloud-regional-pmms@google.com,public_api,https://cloud.google.com/learn/what-is-artificial-intelligence?hl=ko,false,api_match,
6000009,"ì¸ê³µì§€ëŠ¥(AI)ì´ë€ ë¬´ì—‡ì¼ê¹Œìš”? ê°œë…, ì¢…ë¥˜, ì—­ì‚¬, ë¯¸ë˜ ì „ë§ ...","automation,ai",,United Kingdom,"ì¸ê³µì§€ëŠ¥ (AI)ì— ëŒ€í•œ ëª¨ë“  ê²ƒì„ ì•Œì•„ë³´ì„¸ìš”. AIì˜ ì •í™•í•œ ì •ì˜ì™€ ì—­ì‚¬, ë¨¸ì‹ ëŸ¬ë‹, ë”¥ëŸ¬ë‹ê³¼ì˜ ê´€ê³„, ë‹¤ì–‘í•œ ì¢…ë¥˜ì™€ í˜„ì¬ í™œìš© ì‚¬ë¡€, ê·¸ë¦¬ê³  ë¯¸ë˜ ì „ë§ê³¼ ìœ¤ë¦¬ì  ê³¼ì œê¹Œì§€ ì‰½ê³  ê¹Šì´ ìˆê²Œ ì„¤ëª…í•©ë‹ˆë‹¤.",0,0,0,0,false,https://aeiai.net/ai-knowledge/ai-terms-concepts/%ec%9d%b8%ea%b3%b5%ec%a7%80%eb%8a%a5ai%ec%9d%b4%eb%9e%80-%eb%ac%b4%ec%97%87%ec%9d%bc%ea%b9%8c%ec%9a%94-%ea%b0%9c%eb%85%90-%ec%a2%85%eb%a5%98-%ec%97%ad%ec%82%ac-%eb%af%b8%eb%9e%98-%ec%a0%84,aeiai.net@aeiai.net,public_api,https://aeiai.net/ai-knowledge/ai-terms-concepts/%EC%9D%B8%EA%B3%B5%EC%A7%80%EB%8A%A5ai%EC%9D%B4%EB%9E%80-%EB%AC%B4%EC%97%87%EC%9D%BC%EA%B9%8C%EC%9A%94-%EA%B0%9C%EB%85%90-%EC%A2%85%EB%A5%98-%EC%97%AD%EC%82%AC-%EB%AF%B8%EB%9E%98-%EC%A0%84/,false,api_match,
6000013,í™˜ì˜í•©ë‹ˆë‹¤ | n8n ê³µì‹ ê¸°ìˆ  ë¬¸ì„œ í•œê¸€íŒ,n8n,,United States,"n8n ì†Œê°œ n8n (n-eight-nìœ¼ë¡œ ë°œìŒ)ì€ APIê°€ ìˆëŠ” ì–´ë–¤ ì•±ì´ë“  ë‹¤ë¥¸ ì•±ê³¼ ì—°ê²°í•˜ê³ , ì ì€ ì½”ë“œ ë˜ëŠ” ë…¸ì½”ë“œë¡œ ë°ì´í„°ë¥¼ ì¡°ì‘í•  ìˆ˜ ìˆë„ë¡ ë„ì™€ì¤ë‹ˆë‹¤. ì‚¬ìš©ì ì •ì˜ ê°€ëŠ¥: ë†’ì€ ìœ ì—°ì„±ì„ ê°€ì§„ ì›Œí¬í”Œë¡œìš°ì™€ ì‚¬ìš©ì ì •ì˜ ë…¸ë“œë¥¼ êµ¬ì¶•í•  ìˆ˜ ìˆëŠ” ì˜µì…˜.",0,0,0,0,false,https://n8n-docs.infograb.net,support@infograb.net,public_api,https://n8n-docs.infograb.net/,false,api_match,
